PMID,Title,Authors,Citation,First Author,Journal/Book,Publication Year,Create Date,PMCID,NIHMS ID,DOI
"30606613","Developmental Heterogeneity of Microglia and Brain Myeloid Cells Revealed by Deep Single-Cell RNA Sequencing","Li Q, Cheng Z, Zhou L, Darmanis S, Neff NF, Okamoto J, Gulati G, Bennett ML, Sun LO, Clarke LE, Marschallinger J, Yu G, Quake SR, Wyss-Coray T, Barres BA.","Neuron. 2019 Jan 16;101(2):207-223.e10. doi: 10.1016/j.neuron.2018.12.006. Epub 2018 Dec 31.","Li Q","Neuron","2019","2019/01/05","PMC6336504","NIHMS1516311","10.1016/j.neuron.2018.12.006"
"36893230","The connectome of an insect brain","Winding M, Pedigo BD, Barnes CL, Patsolic HG, Park Y, Kazimiers T, Fushiki A, Andrade IV, Khandelwal A, Valdes-Aleman J, Li F, Randel N, Barsotti E, Correia A, Fetter RD, Hartenstein V, Priebe CE, Vogelstein JT, Cardona A, Zlatic M.","Science. 2023 Mar 10;379(6636):eadd9330. doi: 10.1126/science.add9330. Epub 2023 Mar 10.","Winding M","Science","2023","2023/03/09","PMC7614541","EMS175448","10.1126/science.add9330"
"24112882","Deep brain stimulation surgical techniques","Khan FR, Henderson JM.","Handb Clin Neurol. 2013;116:27-37. doi: 10.1016/B978-0-444-53497-2.00003-6.","Khan FR","Handb Clin Neurol","2013","2013/10/12","","","10.1016/B978-0-444-53497-2.00003-6"
"32161395","Machine learning analysis of whole mouse brain vasculature","Todorov MI, Paetzold JC, Schoppe O, Tetteh G, Shit S, Efremov V, Todorov-Völgyi K, Düring M, Dichgans M, Piraud M, Menze B, Ertürk A.","Nat Methods. 2020 Apr;17(4):442-449. doi: 10.1038/s41592-020-0792-1. Epub 2020 Mar 11.","Todorov MI","Nat Methods","2020","2020/03/13","PMC7591801","NIHMS1628795","10.1038/s41592-020-0792-1"
"18826348","Deep brain stimulation in the treatment of obesity","Halpern CH, Wolf JA, Bale TL, Stunkard AJ, Danish SF, Grossman M, Jaggi JL, Grady MS, Baltuch GH.","J Neurosurg. 2008 Oct;109(4):625-34. doi: 10.3171/JNS/2008/109/10/0625.","Halpern CH","J Neurosurg","2008","2008/10/02","","","10.3171/JNS/2008/109/10/0625"
"18394572","Deep brain stimulation for Parkinson's disease","Limousin P, Martinez-Torres I.","Neurotherapeutics. 2008 Apr;5(2):309-19. doi: 10.1016/j.nurt.2008.01.006.","Limousin P","Neurotherapeutics","2008","2008/04/09","PMC5084172","","10.1016/j.nurt.2008.01.006"
"32325058","Modulation of Human Memory by Deep Brain Stimulation of the Entorhinal-Hippocampal Circuitry","Mankin EA, Fried I.","Neuron. 2020 Apr 22;106(2):218-235. doi: 10.1016/j.neuron.2020.02.024.","Mankin EA","Neuron","2020","2020/04/24","PMC7347298","NIHMS1568676","10.1016/j.neuron.2020.02.024"
"19575509","Deep brain stimulation for the treatment of epilepsy","Hamani C, Andrade D, Hodaie M, Wennberg R, Lozano A.","Int J Neural Syst. 2009 Jun;19(3):213-26. doi: 10.1142/S0129065709001975.","Hamani C","Int J Neural Syst","2009","2009/07/04","","","10.1142/S0129065709001975"
"31568895","Deep learning and deep knowledge representation in Spiking Neural Networks for Brain-Computer Interfaces","Kumarasinghe K, Kasabov N, Taylor D.","Neural Netw. 2020 Jan;121:169-185. doi: 10.1016/j.neunet.2019.08.029. Epub 2019 Sep 20.","Kumarasinghe K","Neural Netw","2020","2019/10/01","","","10.1016/j.neunet.2019.08.029"
"19749225","Neuroimaging and deep brain stimulation","Dormont D, Seidenwurm D, Galanaud D, Cornu P, Yelnik J, Bardinet E.","AJNR Am J Neuroradiol. 2010 Jan;31(1):15-23. doi: 10.3174/ajnr.A1644. Epub 2009 Sep 12.","Dormont D","AJNR Am J Neuroradiol","2010","2009/09/15","PMC7964047","","10.3174/ajnr.A1644"
"17015236","Deep brain stimulation for neurologic and neuropsychiatric disorders","Wichmann T, Delong MR.","Neuron. 2006 Oct 5;52(1):197-204. doi: 10.1016/j.neuron.2006.09.022.","Wichmann T","Neuron","2006","2006/10/04","","","10.1016/j.neuron.2006.09.022"
"35853320","Deep reinforcement learning guided graph neural networks for brain network analysis","Zhao X, Wu J, Peng H, Beheshti A, Monaghan JJM, McAlpine D, Hernandez-Perez H, Dras M, Dai Q, Li Y, Yu PS, He L.","Neural Netw. 2022 Oct;154:56-67. doi: 10.1016/j.neunet.2022.06.035. Epub 2022 Jul 3.","Zhao X","Neural Netw","2022","2022/07/19","","","10.1016/j.neunet.2022.06.035"
"21674623","Functional imaging of subthalamic nucleus deep brain stimulation in Parkinson's disease","Boertien T, Zrinzo L, Kahan J, Jahanshahi M, Hariz M, Mancini L, Limousin P, Foltynie T.","Mov Disord. 2011 Aug 15;26(10):1835-43. doi: 10.1002/mds.23788. Epub 2011 Jun 14.","Boertien T","Mov Disord","2011","2011/06/16","","","10.1002/mds.23788"
"34999162","Generalizing deep learning brain segmentation for skull removal and intracranial measurements","Liu Y, Huo Y, Dewey B, Wei Y, Lyu I, Landman BA.","Magn Reson Imaging. 2022 May;88:44-52. doi: 10.1016/j.mri.2022.01.004. Epub 2022 Jan 7.","Liu Y","Magn Reson Imaging","2022","2022/01/09","PMC10265747","NIHMS1901153","10.1016/j.mri.2022.01.004"
"21748713","[Deep brain stimulation for refractory epilepsy: extrathalamic targets]","Torres CV, Pastor J, Navarrete EG, Sola RG.","Rev Neurol. 2011 Aug 1;53(3):153-64.","Torres CV","Rev Neurol","2011","2011/07/13","","",""
"34082280","Geometric deep learning on brain shape predicts sex and age","Besson P, Parrish T, Katsaggelos AK, Bandt SK.","Comput Med Imaging Graph. 2021 Jul;91:101939. doi: 10.1016/j.compmedimag.2021.101939. Epub 2021 May 27.","Besson P","Comput Med Imaging Graph","2021","2021/06/03","","","10.1016/j.compmedimag.2021.101939"
"33328900","Single-Cell Visualization Deep in Brain Structures by Gene Transfer","Sugiyama S, Sugi J, Iijima T, Hou X.","Front Neural Circuits. 2020 Nov 19;14:586043. doi: 10.3389/fncir.2020.586043. eCollection 2020.","Sugiyama S","Front Neural Circuits","2020","2020/12/17","PMC7710941","","10.3389/fncir.2020.586043"
"16636228","Using functional neuroimaging to study the brain's response to deep brain stimulation","Hershey T, Mink JW.","Neurology. 2006 Apr 25;66(8):1142-3. doi: 10.1212/01.wnl.0000216425.34178.dd.","Hershey T","Neurology","2006","2006/04/26","","","10.1212/01.wnl.0000216425.34178.dd"
"36377433","Deep brain stimulation improves electroencephalogram functional connectivity of patients with minimally conscious state","Dang Y, Wang Y, Xia X, Yang Y, Bai Y, Zhang J, He J.","CNS Neurosci Ther. 2023 Jan;29(1):344-353. doi: 10.1111/cns.14009. Epub 2022 Nov 15.","Dang Y","CNS Neurosci Ther","2023","2022/11/15","PMC9804046","","10.1111/cns.14009"
"24112886","Magnetic resonance imaging safety of deep brain stimulator devices","Oluigbo CO, Rezai AR.","Handb Clin Neurol. 2013;116:73-6. doi: 10.1016/B978-0-444-53497-2.00007-3.","Oluigbo CO","Handb Clin Neurol","2013","2013/10/12","","","10.1016/B978-0-444-53497-2.00007-3"
"21039946","Sing the mind electric - principles of deep brain stimulation","Kringelbach ML, Green AL, Owen SL, Schweder PM, Aziz TZ.","Eur J Neurosci. 2010 Oct;32(7):1070-9. doi: 10.1111/j.1460-9568.2010.07419.x.","Kringelbach ML","Eur J Neurosci","2010","2010/11/03","","","10.1111/j.1460-9568.2010.07419.x"
"28601961","Basal ganglia, movement disorders and deep brain stimulation: advances made through non-human primate research","Wichmann T, Bergman H, DeLong MR.","J Neural Transm (Vienna). 2018 Mar;125(3):419-430. doi: 10.1007/s00702-017-1736-5. Epub 2017 Jun 10.","Wichmann T","J Neural Transm (Vienna)","2018","2017/06/12","PMC5723554","NIHMS883985","10.1007/s00702-017-1736-5"
"26737080","Anticipation of brain shift in Deep Brain Stimulation automatic planning","Hamzé N, Bilger A, Duriez C, Cotin S, Essert C.","Annu Int Conf IEEE Eng Med Biol Soc. 2015 Aug;2015:3635-8. doi: 10.1109/EMBC.2015.7319180.","Hamzé N","Annu Int Conf IEEE Eng Med Biol Soc","2015","2016/01/07","","","10.1109/EMBC.2015.7319180"
"32341543","Deep three-photon imaging of the brain in intact adult zebrafish","Chow DM, Sinefeld D, Kolkman KE, Ouzounov DG, Akbari N, Tatarsky R, Bass A, Xu C, Fetcho JR.","Nat Methods. 2020 Jun;17(6):605-608. doi: 10.1038/s41592-020-0819-7. Epub 2020 Apr 27.","Chow DM","Nat Methods","2020","2020/04/29","PMC7359951","NIHMS1579451","10.1038/s41592-020-0819-7"
"35098941","Deep-Tissue Three-Photon Fluorescence Microscopy in Intact Mouse and Zebrafish Brain","Hontani Y, Akbari N, Kolkman KE, Wu C, Xia F, Choe K, Wang GZ, Sokolova M, Fetcho JR, Xu C.","J Vis Exp. 2022 Jan 13;(179). doi: 10.3791/63213.","Hontani Y","J Vis Exp","2022","2022/01/31","","","10.3791/63213"
"36787753","Morphological invariant of the midsagittal deep brain anatomy between humans and African great apes","Amano H, Kochiyama T, Tanabe HC, Ogihara N.","Am J Biol Anthropol. 2022 Jan;177(1):39-47. doi: 10.1002/ajpa.24414. Epub 2021 Oct 26.","Amano H","Am J Biol Anthropol","2022","2023/02/14","","","10.1002/ajpa.24414"
"35177547","Automated 3D Fetal Brain Segmentation Using an Optimized Deep Learning Approach","Zhao L, Asis-Cruz JD, Feng X, Wu Y, Kapse K, Largent A, Quistorff J, Lopez C, Wu D, Qing K, Meyer C, Limperopoulos C.","AJNR Am J Neuroradiol. 2022 Mar;43(3):448-454. doi: 10.3174/ajnr.A7419. Epub 2022 Feb 17.","Zhao L","AJNR Am J Neuroradiol","2022","2022/02/18","PMC8910820","","10.3174/ajnr.A7419"
"34919630","3T MRI of rapid brain activity changes driven by subcallosal cingulate deep brain stimulation","Elias GJB, Germann J, Boutet A, Loh A, Li B, Pancholi A, Beyn ME, Naheed A, Bennett N, Pinto J, Bhat V, Giacobbe P, Woodside DB, Kennedy SH, Lozano AM.","Brain. 2022 Jun 30;145(6):2214-2226. doi: 10.1093/brain/awab447.","Elias GJB","Brain","2022","2021/12/17","","","10.1093/brain/awab447"
"32906089","RegQCNET: Deep quality control for image-to-template brain MRI affine registration","Denis de Senneville B, Manjón JV, Coupé P.","Phys Med Biol. 2020 Nov 17;65(22):225022. doi: 10.1088/1361-6560/abb6be.","Denis de Senneville B","Phys Med Biol","2020","2020/09/09","","","10.1088/1361-6560/abb6be"
"18590380","Potential surgical targets for deep brain stimulation in treatment-resistant depression","Hauptman JS, DeSalles AA, Espinoza R, Sedrak M, Ishida W.","Neurosurg Focus. 2008;25(1):E3. doi: 10.3171/FOC/2008/25/7/E3.","Hauptman JS","Neurosurg Focus","2008","2008/07/02","","","10.3171/FOC/2008/25/7/E3"
"31512018","Using 3D-Printed Mesh-Like Brain Cortex with Deep Structures for Planning Intracranial EEG Electrode Placement","Javan R, Schickel M, Zhao Y, Agbo T, Fleming C, Heidari P, Gholipour T, Shields DC, Koubeissi M.","J Digit Imaging. 2020 Apr;33(2):324-333. doi: 10.1007/s10278-019-00275-3.","Javan R","J Digit Imaging","2020","2019/09/13","PMC7165231","","10.1007/s10278-019-00275-3"
"29653910","Deep Brain Stimulation associated gliosis: A post-mortem study","Vedam-Mai V, Rodgers C, Gureck A, Vincent M, Ippolito G, Elkouzi A, Yachnis AT, Foote KD, Okun MS.","Parkinsonism Relat Disord. 2018 Sep;54:51-55. doi: 10.1016/j.parkreldis.2018.04.009. Epub 2018 Apr 4.","Vedam-Mai V","Parkinsonism Relat Disord","2018","2018/04/15","PMC6163084","NIHMS959036","10.1016/j.parkreldis.2018.04.009"
"31209253","Photoacoustics can image spreading depolarization deep in gyrencephalic brain","Kirchner T, Gröhl J, Herrera MA, Adler T, Hernández-Aguilera A, Santos E, Maier-Hein L.","Sci Rep. 2019 Jun 17;9(1):8661. doi: 10.1038/s41598-019-44935-4.","Kirchner T","Sci Rep","2019","2019/06/19","PMC6572820","","10.1038/s41598-019-44935-4"
"21699483","Magnetic resonance imaging and deep brain stimulation","Sankar T, Lozano AM.","J Neurosurg. 2011 Oct;115(4):849-50; discussion 850-1. doi: 10.3171/2011.4.JNS11335. Epub 2011 Jun 24.","Sankar T","J Neurosurg","2011","2011/06/25","","","10.3171/2011.4.JNS11335"
"32890745","Fetal brain age estimation and anomaly detection using attention-based deep ensembles with uncertainty","Shi W, Yan G, Li Y, Li H, Liu T, Sun C, Wang G, Zhang Y, Zou Y, Wu D.","Neuroimage. 2020 Dec;223:117316. doi: 10.1016/j.neuroimage.2020.117316. Epub 2020 Sep 2.","Shi W","Neuroimage","2020","2020/09/05","","","10.1016/j.neuroimage.2020.117316"
"33259847","Fluorescence microendoscopy for in vivo deep-brain imaging of neuronal circuits","Laing BT, Siemian JN, Sarsfield S, Aponte Y.","J Neurosci Methods. 2021 Jan 15;348:109015. doi: 10.1016/j.jneumeth.2020.109015. Epub 2020 Nov 28.","Laing BT","J Neurosci Methods","2021","2020/12/01","PMC8745022","NIHMS1652426","10.1016/j.jneumeth.2020.109015"
"35964970","Anatomy of the temporal lobe: From macro to micro","Zachlod D, Kedo O, Amunts K.","Handb Clin Neurol. 2022;187:17-51. doi: 10.1016/B978-0-12-823493-8.00009-2.","Zachlod D","Handb Clin Neurol","2022","2022/08/14","","","10.1016/B978-0-12-823493-8.00009-2"
"33305486","What COVID-19 tells us about the self: The deep intersubjective and cultural layers of our brain","Scalabrini A, Xu J, Northoff G.","Psychiatry Clin Neurosci. 2021 Feb;75(2):37-45. doi: 10.1111/pcn.13185. Epub 2020 Dec 24.","Scalabrini A","Psychiatry Clin Neurosci","2021","2020/12/11","","","10.1111/pcn.13185"
"36273090","Large-volume and deep brain imaging in rabbits and monkeys using COMPACT two-photon microscopy","Lu Y, Wei X, Li W, Wu X, Chen C, Li G, Huang Z, Li Y, Zhang Y, Gan WB.","Sci Rep. 2022 Oct 22;12(1):17736. doi: 10.1038/s41598-022-20842-z.","Lu Y","Sci Rep","2022","2022/10/23","PMC9588025","","10.1038/s41598-022-20842-z"
"19426730","Treatment resistant depression as a failure of brain homeostatic mechanisms: implications for deep brain stimulation","Giacobbe P, Mayberg HS, Lozano AM.","Exp Neurol. 2009 Sep;219(1):44-52. doi: 10.1016/j.expneurol.2009.04.028. Epub 2009 May 6.","Giacobbe P","Exp Neurol","2009","2009/05/12","","","10.1016/j.expneurol.2009.04.028"
"30369441","Recognizing Brain States Using Deep Sparse Recurrent Neural Network","Wang H, Zhao S, Dong Q, Cui Y, Chen Y, Han J, Xie L, Liu T.","IEEE Trans Med Imaging. 2019 Apr;38(4):1058-1068. doi: 10.1109/TMI.2018.2877576. Epub 2018 Oct 23.","Wang H","IEEE Trans Med Imaging","2019","2018/10/30","PMC6508593","NIHMS1526428","10.1109/TMI.2018.2877576"
"30529072","Fornix deep brain stimulation induces reduction of hippocampal synaptophysin levels","Aldehri M, Temel Y, Jahanshahi A, Hescham S.","J Chem Neuroanat. 2019 Mar;96:34-40. doi: 10.1016/j.jchemneu.2018.12.001. Epub 2018 Dec 5.","Aldehri M","J Chem Neuroanat","2019","2018/12/12","","","10.1016/j.jchemneu.2018.12.001"
"36086324","DBSim and ELMA - Freeware for Simulations of Deep Brain Stimulation","Johansson JD, Wardell K.","Annu Int Conf IEEE Eng Med Biol Soc. 2022 Jul;2022:1719-1724. doi: 10.1109/EMBC48229.2022.9871821.","Johansson JD","Annu Int Conf IEEE Eng Med Biol Soc","2022","2022/09/10","","","10.1109/EMBC48229.2022.9871821"
"28530229","Deep sleep maintains learning efficiency of the human brain","Fattinger S, de Beukelaar TT, Ruddy KL, Volk C, Heyse NC, Herbst JA, Hahnloser RHR, Wenderoth N, Huber R.","Nat Commun. 2017 May 22;8:15405. doi: 10.1038/ncomms15405.","Fattinger S","Nat Commun","2017","2017/05/23","PMC5458149","","10.1038/ncomms15405"
"18431055","Brain organization and specialization in deep-sea chondrichthyans","Yopak KE, Montgomery JC.","Brain Behav Evol. 2008;71(4):287-304. doi: 10.1159/000127048. Epub 2008 Apr 21.","Yopak KE","Brain Behav Evol","2008","2008/04/24","","","10.1159/000127048"
"33199854","If deep learning is the answer, what is the question?","Saxe A, Nelli S, Summerfield C.","Nat Rev Neurosci. 2021 Jan;22(1):55-67. doi: 10.1038/s41583-020-00395-8. Epub 2020 Nov 16.","Saxe A","Nat Rev Neurosci","2021","2020/11/17","","","10.1038/s41583-020-00395-8"
"28220987","Brain Tissue Reaction to Deep Brain Stimulation-A Longitudinal Study of DBS in the Goettingen Minipig","Orlowski D, Michalis A, Glud AN, Korshøj AR, Fitting LM, Mikkelsen TW, Mercanzini A, Jordan A, Dransart A, Sørensen JCH.","Neuromodulation. 2017 Jul;20(5):417-423. doi: 10.1111/ner.12576. Epub 2017 Feb 21.","Orlowski D","Neuromodulation","2017","2017/02/22","","","10.1111/ner.12576"
"27181686","Toward Deep Brain Monitoring with Superficial EEG Sensors Plus Neuromodulatory Focused Ultrasound","Darvas F, Mehić E, Caler CJ, Ojemann JG, Mourad PD.","Ultrasound Med Biol. 2016 Aug;42(8):1834-47. doi: 10.1016/j.ultrasmedbio.2016.02.020. Epub 2016 May 13.","Darvas F","Ultrasound Med Biol","2016","2016/05/17","PMC5768413","NIHMS919785","10.1016/j.ultrasmedbio.2016.02.020"
"26554044","Evolution of brain elaboration","Farris SM.","Philos Trans R Soc Lond B Biol Sci. 2015 Dec 19;370(1684):20150054. doi: 10.1098/rstb.2015.0054.","Farris SM","Philos Trans R Soc Lond B Biol Sci","2015","2015/11/11","PMC4650128","","10.1098/rstb.2015.0054"
"37603065","MRI-based brain age prediction model for children under 3 years old using deep residual network","Hu L, Wan Q, Huang L, Tang J, Huang S, Chen X, Bai X, Kong L, Deng J, Liang H, Liu G, Liu H, Lu L.","Brain Struct Funct. 2023 Sep;228(7):1771-1784. doi: 10.1007/s00429-023-02686-z. Epub 2023 Aug 21.","Hu L","Brain Struct Funct","2023","2023/08/21","","","10.1007/s00429-023-02686-z"
"24112887","Brain stimulation and functional imaging with fMRI and PET","Ko JH, Tang CC, Eidelberg D.","Handb Clin Neurol. 2013;116:77-95. doi: 10.1016/B978-0-444-53497-2.00008-5.","Ko JH","Handb Clin Neurol","2013","2013/10/12","","","10.1016/B978-0-444-53497-2.00008-5"
"21466694","Deep sequencing analysis of the developing mouse brain reveals a novel microRNA","Ling KH, Brautigan PJ, Hahn CN, Daish T, Rayner JR, Cheah PS, Raison JM, Piltz S, Mann JR, Mattiske DM, Thomas PQ, Adelson DL, Scott HS.","BMC Genomics. 2011 Apr 5;12:176. doi: 10.1186/1471-2164-12-176.","Ling KH","BMC Genomics","2011","2011/04/07","PMC3088569","","10.1186/1471-2164-12-176"
"36549845","Development of Gestational Age-Based Fetal Brain and Intracranial Volume Reference Norms Using Deep Learning","Tran CBN, Nedelec P, Weiss DA, Rudie JD, Kini L, Sugrue LP, Glenn OA, Hess CP, Rauschecker AM.","AJNR Am J Neuroradiol. 2023 Jan;44(1):82-90. doi: 10.3174/ajnr.A7747. Epub 2022 Dec 22.","Tran CBN","AJNR Am J Neuroradiol","2023","2022/12/22","PMC9835919","","10.3174/ajnr.A7747"
"36027661","Brain-inspired chaotic backpropagation for MLP","Tao P, Cheng J, Chen L.","Neural Netw. 2022 Nov;155:1-13. doi: 10.1016/j.neunet.2022.08.004. Epub 2022 Aug 10.","Tao P","Neural Netw","2022","2022/08/26","","","10.1016/j.neunet.2022.08.004"
"34694282","Stereotaxic Viral Injection and Gradient-Index Lens Implantation for Deep Brain In Vivo Calcium Imaging","Thapa R, Liang B, Liu R, Li Y.","J Vis Exp. 2021 Oct 8;(176):10.3791/63049. doi: 10.3791/63049.","Thapa R","J Vis Exp","2021","2021/10/25","PMC9427020","NIHMS1831094","10.3791/63049"
"34210163","Structural Connectivity Patterns of Side Effects Induced by Subthalamic Deep Brain Stimulation for Parkinson's Disease","Strotzer QD, Kohl Z, Anthofer JM, Faltermeier R, Schmidt NO, Torka E, Greenlee MW, Fellner C, Schlaier JR, Beer AL.","Brain Connect. 2022 May;12(4):374-384. doi: 10.1089/brain.2021.0051. Epub 2021 Aug 23.","Strotzer QD","Brain Connect","2022","2021/07/02","","","10.1089/brain.2021.0051"
"36970764","The roles of brain lipids and polar metabolites in the hypoxia tolerance of deep-diving pinnipeds","Martens GA, Geßner C, Folkow LP, Creydt M, Fischer M, Burmester T.","J Exp Biol. 2023 Apr 15;226(8):jeb245355. doi: 10.1242/jeb.245355. Epub 2023 Apr 14.","Martens GA","J Exp Biol","2023","2023/03/27","","","10.1242/jeb.245355"
"32389928","A Robust and Accurate Deep-learning-based Method for the Segmentation of Subcortical Brain: Cross-dataset Evaluation of Generalization Performance","Furuhashi N, Okuhata S, Kobayashi T.","Magn Reson Med Sci. 2021 Jun 1;20(2):166-174. doi: 10.2463/mrms.mp.2019-0199. Epub 2020 May 11.","Furuhashi N","Magn Reson Med Sci","2021","2020/05/12","PMC8203473","","10.2463/mrms.mp.2019-0199"
"32719359","Genes, the brain, and artificial intelligence in evolution","Kamatani N.","J Hum Genet. 2021 Jan;66(1):103-109. doi: 10.1038/s10038-020-0813-z. Epub 2020 Jul 27.","Kamatani N","J Hum Genet","2021","2020/07/29","","","10.1038/s10038-020-0813-z"
"32603860","Brain extraction on MRI scans in presence of diffuse glioma: Multi-institutional performance evaluation of deep learning methods and robust modality-agnostic training","Thakur S, Doshi J, Pati S, Rathore S, Sako C, Bilello M, Ha SM, Shukla G, Flanders A, Kotrotsou A, Milchenko M, Liem S, Alexander GS, Lombardo J, Palmer JD, LaMontagne P, Nazeri A, Talbar S, Kulkarni U, Marcus D, Colen R, Davatzikos C, Erus G, Bakas S.","Neuroimage. 2020 Oct 15;220:117081. doi: 10.1016/j.neuroimage.2020.117081. Epub 2020 Jun 27.","Thakur S","Neuroimage","2020","2020/07/01","PMC7597856","NIHMS1639060","10.1016/j.neuroimage.2020.117081"
"34892099","Deep learning in resting-state fMRI()","Abrol A, Hassanzadeh R, Plis S, Calhoun V.","Annu Int Conf IEEE Eng Med Biol Soc. 2021 Nov;2021:3965-3969. doi: 10.1109/EMBC46164.2021.9630257.","Abrol A","Annu Int Conf IEEE Eng Med Biol Soc","2021","2021/12/11","","","10.1109/EMBC46164.2021.9630257"
"36086465","Probing the link between the APOE-ε4 allele and whole-brain gray matter using deep learning","Abrol A, Hajjar I, Calhoun V.","Annu Int Conf IEEE Eng Med Biol Soc. 2022 Jul;2022:3506-3509. doi: 10.1109/EMBC48229.2022.9871338.","Abrol A","Annu Int Conf IEEE Eng Med Biol Soc","2022","2022/09/10","","","10.1109/EMBC48229.2022.9871338"
"24154600","Deep brain stimulation of the midbrain locomotor region improves paretic hindlimb function after spinal cord injury in rats","Bachmann LC, Matis A, Lindau NT, Felder P, Gullo M, Schwab ME.","Sci Transl Med. 2013 Oct 23;5(208):208ra146. doi: 10.1126/scitranslmed.3005972.","Bachmann LC","Sci Transl Med","2013","2013/10/25","","","10.1126/scitranslmed.3005972"
"37276987","Reduction of aggressive behaviour following hypothalamic deep brain stimulation: Involvement of 5-HT(1A) and testosterone","Gouveia FV, Diwan M, Martinez RCR, Giacobbe P, Lipsman N, Hamani C.","Neurobiol Dis. 2023 Jul;183:106179. doi: 10.1016/j.nbd.2023.106179. Epub 2023 Jun 3.","Gouveia FV","Neurobiol Dis","2023","2023/06/05","","","10.1016/j.nbd.2023.106179"
"31504849","Postmortem Dissections of Common Targets for Lesion and Deep Brain Stimulation Surgeries","Holanda VM, Okun MS, Middlebrooks EH, Gungor A, Barry ME, Forder J, Foote KD.","Neurosurgery. 2020 Jun 1;86(6):860-872. doi: 10.1093/neuros/nyz318.","Holanda VM","Neurosurgery","2020","2019/09/11","","","10.1093/neuros/nyz318"
"31710771","Full-field swept-source optical coherence tomography and neural tissue classification for deep brain imaging","Almog IF, Chen FD, Senova S, Fomenko A, Gondard E, Sacher WD, Lozano AM, Poon JKS.","J Biophotonics. 2020 Feb;13(2):e201960083. doi: 10.1002/jbio.201960083. Epub 2019 Dec 2.","Almog IF","J Biophotonics","2020","2019/11/12","PMC7065632","","10.1002/jbio.201960083"
"36272937","Does the brain's ventral visual pathway compute object shape?","Ayzenberg V, Behrmann M.","Trends Cogn Sci. 2022 Dec;26(12):1119-1132. doi: 10.1016/j.tics.2022.09.019. Epub 2022 Oct 19.","Ayzenberg V","Trends Cogn Sci","2022","2022/10/22","","","10.1016/j.tics.2022.09.019"
"30884313","Deep neural network models of sensory systems: windows onto the role of task constraints","Kell AJ, McDermott JH.","Curr Opin Neurobiol. 2019 Apr;55:121-132. doi: 10.1016/j.conb.2019.02.003. Epub 2019 Mar 15.","Kell AJ","Curr Opin Neurobiol","2019","2019/03/19","","","10.1016/j.conb.2019.02.003"
"31265251","In Vivo Brain Sampling Using a Microextraction Probe Reveals Metabolic Changes in Rodents after Deep Brain Stimulation","Reyes-Garcés N, Diwan M, Boyacı E, Gómez-Ríos GA, Bojko B, Nobrega JN, Bambico FR, Hamani C, Pawliszyn J.","Anal Chem. 2019 Aug 6;91(15):9875-9884. doi: 10.1021/acs.analchem.9b01540. Epub 2019 Jul 17.","Reyes-Garcés N","Anal Chem","2019","2019/07/03","","","10.1021/acs.analchem.9b01540"
"37459898","Wide field block face imaging using deep ultraviolet induced autofluorescence of the human brain","Karthik S, Joseph J, Jayakumar J, Manoj R, Shetty M, Bota M, Verma R, Mitra P, Sivaprakasam M.","J Neurosci Methods. 2023 Sep 1;397:109921. doi: 10.1016/j.jneumeth.2023.109921. Epub 2023 Jul 17.","Karthik S","J Neurosci Methods","2023","2023/07/17","","","10.1016/j.jneumeth.2023.109921"
"33623134","Structural changes in brains of patients with disorders of consciousness treated with deep brain stimulation","Raguž M, Predrijevac N, Dlaka D, Orešković D, Rotim A, Romić D, Almahariq F, Marčinković P, Deletis V, Kostović I, Chudy D.","Sci Rep. 2021 Feb 23;11(1):4401. doi: 10.1038/s41598-021-83873-y.","Raguž M","Sci Rep","2021","2021/02/24","PMC7902623","","10.1038/s41598-021-83873-y"
"30604680","High-throughput synapse-resolving two-photon fluorescence microendoscopy for deep-brain volumetric imaging in vivo","Meng G, Liang Y, Sarsfield S, Jiang WC, Lu R, Dudman JT, Aponte Y, Ji N.","Elife. 2019 Jan 4;8:e40805. doi: 10.7554/eLife.40805.","Meng G","Elife","2019","2019/01/04","PMC6338462","","10.7554/eLife.40805"
"36584653","Three Dimensional Brain Parameters of Multiple Sclerosis (MS) Patients","Barc ED, Yucel F, Kutlu C.","Mult Scler Relat Disord. 2023 Feb;70:104475. doi: 10.1016/j.msard.2022.104475. Epub 2022 Dec 19.","Barc ED","Mult Scler Relat Disord","2023","2022/12/30","","","10.1016/j.msard.2022.104475"
"34023395","Intracranial brain stimulation modulates fMRI-based network switching","Pedersen M, Zalesky A.","Neurobiol Dis. 2021 Aug;156:105401. doi: 10.1016/j.nbd.2021.105401. Epub 2021 May 21.","Pedersen M","Neurobiol Dis","2021","2021/05/23","","","10.1016/j.nbd.2021.105401"
"6504279","Microsurgical anatomy of the deep venous system of the brain","Ono M, Rhoton AL Jr, Peace D, Rodriguez RJ.","Neurosurgery. 1984 Nov;15(5):621-57. doi: 10.1227/00006123-198411000-00002.","Ono M","Neurosurgery","1984","1984/11/01","","","10.1227/00006123-198411000-00002"
"26737881","Preclinical evaluation of a miniaturized Deep Brain Stimulation electrode lead","Villalobos J, Fallon JB, McNeill PM, Allison RK, Bibari O, Williams CE, McDermott HJ.","Annu Int Conf IEEE Eng Med Biol Soc. 2015;2015:6908-11. doi: 10.1109/EMBC.2015.7319981.","Villalobos J","Annu Int Conf IEEE Eng Med Biol Soc","2015","2016/01/07","","","10.1109/EMBC.2015.7319981"
"30818131","Flexible, multifunctional neural probe with liquid metal enabled, ultra-large tunable stiffness for deep-brain chemical sensing and agent delivery","Wen X, Wang B, Huang S, Liu TL, Lee MS, Chung PS, Chow YT, Huang IW, Monbouquette HG, Maidment NT, Chiou PY.","Biosens Bioelectron. 2019 Apr 15;131:37-45. doi: 10.1016/j.bios.2019.01.060. Epub 2019 Feb 7.","Wen X","Biosens Bioelectron","2019","2019/03/01","PMC6602555","NIHMS1522642","10.1016/j.bios.2019.01.060"
"26544769","Graph theory analysis of complex brain networks: new concepts in brain mapping applied to neurosurgery","Hart MG, Ypma RJ, Romero-Garcia R, Price SJ, Suckling J.","J Neurosurg. 2016 Jun;124(6):1665-78. doi: 10.3171/2015.4.JNS142683. Epub 2015 Nov 6.","Hart MG","J Neurosurg","2016","2015/11/07","","","10.3171/2015.4.JNS142683"
"34558012","Advancing Our Understanding of Brain Disorders: Research Using Postmortem Brain Tissue","Curtis MA, Vedam-Mai V.","Methods Mol Biol. 2022;2389:201-208. doi: 10.1007/978-1-0716-1783-0_16.","Curtis MA","Methods Mol Biol","2022","2021/09/24","","","10.1007/978-1-0716-1783-0_16"
"19549821","Decoupling of the brain's default mode network during deep sleep","Horovitz SG, Braun AR, Carr WS, Picchioni D, Balkin TJ, Fukunaga M, Duyn JH.","Proc Natl Acad Sci U S A. 2009 Jul 7;106(27):11376-81. doi: 10.1073/pnas.0901435106. Epub 2009 Jun 19.","Horovitz SG","Proc Natl Acad Sci U S A","2009","2009/06/25","PMC2708777","","10.1073/pnas.0901435106"
"30926457","Longitudinal assessment of the neuroanatomical consequences of deep brain stimulation: Application of fornical DBS in an Alzheimer's mouse model","Gallino D, Devenyi GA, Germann J, Guma E, Anastassiadis C, Chakravarty MM.","Brain Res. 2019 Jul 15;1715:213-223. doi: 10.1016/j.brainres.2019.03.030. Epub 2019 Mar 26.","Gallino D","Brain Res","2019","2019/03/31","","","10.1016/j.brainres.2019.03.030"
"22237006","The primary brain vesicles revisited: are the three primary vesicles (forebrain/midbrain/hindbrain) universal in vertebrates?","Ishikawa Y, Yamamoto N, Yoshimoto M, Ito H.","Brain Behav Evol. 2012;79(2):75-83. doi: 10.1159/000334842. Epub 2012 Jan 6.","Ishikawa Y","Brain Behav Evol","2012","2012/01/13","","","10.1159/000334842"
"29205152","Branching into brains","Shai A, Larkum ME.","Elife. 2017 Dec 5;6:e33066. doi: 10.7554/eLife.33066.","Shai A","Elife","2017","2017/12/06","PMC5716658","","10.7554/eLife.33066"
"20849960","A pilot study of human brain tissue post-magnetic resonance imaging: information from the National Deep Brain Stimulation Brain Tissue Network (DBS-BTN)","Ullman M, Vedam-Mai V, Krock N, Sudhyadhom A, Foote KD, Yachnis AT, Merritt S, Resnick AS, Zeilman P, Okun MS.","Neuroimage. 2011 Jan;54 Suppl 1:S233-7. doi: 10.1016/j.neuroimage.2010.09.014. Epub 2010 Sep 19.","Ullman M","Neuroimage","2011","2010/09/21","","","10.1016/j.neuroimage.2010.09.014"
"37436502","Neuroanatomical asymmetry in the canine brain","Barton SA, Kent M, Hecht EE.","Brain Struct Funct. 2023 Sep;228(7):1657-1669. doi: 10.1007/s00429-023-02677-0. Epub 2023 Jul 12.","Barton SA","Brain Struct Funct","2023","2023/07/12","","","10.1007/s00429-023-02677-0"
"30646850","Genome-wide identification of brain miRNAs in response to high-intensity intermittent swimming training in Rattus norvegicus by deep sequencing","Zhao Y, Zhang A, Wang Y, Hu S, Zhang R, Qian S.","BMC Mol Biol. 2019 Jan 15;20(1):3. doi: 10.1186/s12867-019-0120-4.","Zhao Y","BMC Mol Biol","2019","2019/01/17","PMC6334412","","10.1186/s12867-019-0120-4"
"36278468","A Comprehensive Review on Nanomedicine: Promising Approach for Treatment of Brain Tumor through Intranasal Administration","Bahadur S, Prakash A.","Curr Drug Targets. 2023;24(1):71-88. doi: 10.2174/1389450124666221019141044.","Bahadur S","Curr Drug Targets","2023","2022/10/24","","","10.2174/1389450124666221019141044"
"28729926","Coherence of BOLD signal and electrical activity in the human brain during deep sevoflurane anesthesia","Golkowski D, Ranft A, Kiel T, Riedl V, Kohl P, Rohrer G, Pientka J, Berger S, Preibisch C, Zimmer C, Mashour GA, Schneider G, Kochs EF, Ilg R, Jordan D.","Brain Behav. 2017 May 17;7(7):e00679. doi: 10.1002/brb3.679. eCollection 2017 Jul.","Golkowski D","Brain Behav","2017","2017/07/22","PMC5516594","","10.1002/brb3.679"
"36055050","Gumbel-Softmax based Neural Architecture Search for Hierarchical Brain Networks Decomposition","Pang T, Zhao S, Han J, Zhang S, Guo L, Liu T.","Med Image Anal. 2022 Nov;82:102570. doi: 10.1016/j.media.2022.102570. Epub 2022 Aug 6.","Pang T","Med Image Anal","2022","2022/09/02","","","10.1016/j.media.2022.102570"
"6279945","Brain damage after deep hypothermia in dogs","Watanabe Y, Kawaura Y, Iwa T.","Jpn J Surg. 1982;12(1):61-70. doi: 10.1007/BF02469017.","Watanabe Y","Jpn J Surg","1982","1982/01/01","","","10.1007/BF02469017"
"36849047","Wireless stimulation of the subthalamic nucleus with nanoparticles modulates key monoaminergic systems similar to contemporary deep brain stimulation","Alosaimi F, Dominguez-Paredes D, Knoben R, Almasabi F, Hescham S, Kozielski K, Temel Y, Jahanshahi A.","Behav Brain Res. 2023 Apr 27;444:114363. doi: 10.1016/j.bbr.2023.114363. Epub 2023 Feb 26.","Alosaimi F","Behav Brain Res","2023","2023/02/27","","","10.1016/j.bbr.2023.114363"
"31519412","Commentary: The brain's response to temperature stress involves shock proteins, RNA-binding proteins and microglia-Should cardiac surgeons care?","Ferraris VA.","J Thorac Cardiovasc Surg. 2020 Jun;159(6):2447-2448. doi: 10.1016/j.jtcvs.2019.07.062. Epub 2019 Aug 22.","Ferraris VA","J Thorac Cardiovasc Surg","2020","2019/09/15","","","10.1016/j.jtcvs.2019.07.062"
"32716751","Neuroethics in the Shadow of a Pandemic","Roskies AL, Walton A.","AJOB Neurosci. 2020 Jul-Sep;11(3):W1-W4. doi: 10.1080/21507740.2020.1778130.","Roskies AL","AJOB Neurosci","2020","2020/07/28","PMC7477764","NIHMS1618323","10.1080/21507740.2020.1778130"
"25890141","Restoring motor function with bidirectional neural interfaces","Fetz EE.","Prog Brain Res. 2015;218:241-52. doi: 10.1016/bs.pbr.2015.01.001. Epub 2015 Mar 28.","Fetz EE","Prog Brain Res","2015","2015/04/19","","","10.1016/bs.pbr.2015.01.001"
"36546674","A generalizable brain extraction net (BEN) for multimodal MRI data from rodents, nonhuman primates, and humans","Yu Z, Han X, Xu W, Zhang J, Marr C, Shen D, Peng T, Zhang XY, Feng J.","Elife. 2022 Dec 22;11:e81217. doi: 10.7554/eLife.81217.","Yu Z","Elife","2022","2022/12/22","PMC9937657","","10.7554/eLife.81217"
"18985299","Brain imaging and psychotherapy: methodological considerations and practical implications","Linden DE.","Eur Arch Psychiatry Clin Neurosci. 2008 Nov;258 Suppl 5:71-5. doi: 10.1007/s00406-008-5023-1.","Linden DE","Eur Arch Psychiatry Clin Neurosci","2008","2008/12/05","","","10.1007/s00406-008-5023-1"
"8498318","Deep hypothermic circulatory arrest during cardiac surgery: effects on cerebral blood flow and cerebral oxygenation in children","Phoon CK.","Am Heart J. 1993 Jun;125(6):1739-48. doi: 10.1016/0002-8703(93)90766-3.","Phoon CK","Am Heart J","1993","1993/06/01","","","10.1016/0002-8703(93)90766-3"
"22497414","Neuroecology of cartilaginous fishes: the functional implications of brain scaling","Yopak KE.","J Fish Biol. 2012 Apr;80(5):1968-2023. doi: 10.1111/j.1095-8649.2012.03254.x. Epub 2012 Mar 27.","Yopak KE","J Fish Biol","2012","2012/04/14","","","10.1111/j.1095-8649.2012.03254.x"
"29604454","Bayesian convolutional neural network based MRI brain extraction on nonhuman primates","Zhao G, Liu F, Oler JA, Meyerand ME, Kalin NH, Birn RM.","Neuroimage. 2018 Jul 15;175:32-44. doi: 10.1016/j.neuroimage.2018.03.065. Epub 2018 Mar 28.","Zhao G","Neuroimage","2018","2018/04/01","PMC6095475","NIHMS957711","10.1016/j.neuroimage.2018.03.065"
"35169827","A taxonomy of the brain's white matter: twenty-one major tracts for the 21st century","Bullock DN, Hayday EA, Grier MD, Tang W, Pestilli F, Heilbronner SR.","Cereb Cortex. 2022 Oct 8;32(20):4524-4548. doi: 10.1093/cercor/bhab500.","Bullock DN","Cereb Cortex","2022","2022/02/16","PMC9574243","","10.1093/cercor/bhab500"
